title,url,uploadDate
What Is Data Scraping And How Can You Use It? | Target ...,https://www.targetinternet.com/what-is-data-scraping-and-how-can-you-use-it/,"Sep 13, 2017 - Uploaded by Lucy Provost"
Web Scraping With Python - A Beginner's Guide | Edureka,https://www.edureka.co/blog/web-scraping-with-python/,"Feb 27, 2020 - Uploaded by edureka!"
Web Scraping Tutorial - How to Scrape Modern Websites for ...,https://www.youtube.com/watch?v=vsmxMLmroyQ,"Mar 10, 2017 - Uploaded by Fullstack Academy"
Scraping Data for Digital Marketers .. No Coding Experience ...,https://medium.com/@saijogeorge/scraping-data-for-digital-marketers-96f0c397a7ea,"Aug 7, 2014 - Uploaded by Saijo George"
Web Scraping Explained - WebHarvy,https://www.webharvy.com/articles/what-is-web-scraping.html,"Jan 14, 2017"
Top 30 Free Web Scraping Software in 2020 | Octoparse,https://www.octoparse.com/blog/top-30-free-web-scraping-software,"May 19, 2019 - Uploaded by Octoparse"
Best Data Scraping Tools for 2020 (Top 10 Reviews) | Octoparse,https://www.octoparse.com/blog/best-data-scraping-tools-for-2019-top-10-reviews,"Jun 3, 2019 - Uploaded by Octoparse"
What is Web Scraping and What is it Used For? | ParseHub,https://www.parsehub.com/blog/what-is-web-scraping/,"Aug 6, 2019 - Uploaded by ParseHub"
"Data Scraping from websites into Excel | Web Scraping, Lead ...",https://www.youtube.com/watch?v=YQbe20G0ZSM,"Jan 6, 2018 - Uploaded by Video Editing & Video Marketing Services"
What is Web Scraping and How Does Web Crawling Work?,https://scrapinghub.com/what-is-web-scraping/,"May 18, 2019 - Uploaded by Scrapinghub"
5 Best Web Scraping Tools in 2020! - YouTube,https://www.youtube.com/watch?v=QbkXCkcmHJI,"Apr 8, 2019 - Uploaded by Octoparse"
Data Scraping for SEO & Analytics - Tutorial - Optimize Smart,https://www.optimizesmart.com/data-scraping-guide-for-seo/,"Oct 7, 2011 - Uploaded by Garrett French CL"
10 Myths about Web Scraping [NEW] | Octoparse,https://www.octoparse.com/blog/10-myths-about-web-scraping,"Jul 30, 2019 - Uploaded by Octoparse"
"Big Data: What Is Web Scraping, and Why Does It Matter ...",https://www.octoparse.com/blog/big-data-what-is-web-scraping-and-why-does-it-matter,"Feb 24, 2020 - Uploaded by Octoparse"
What Is Data Scraping and How It's Shaping the Future - Blog ...,https://oxylabs.io/blog/crawling-vs-scraping,"Dec 18, 2019 - Uploaded by Oxylabs"
What is DATA SCRAPING? What does DATA SCRAPING ...,https://www.youtube.com/watch?v=omTtMylcWOI,"Sep 21, 2017 - Uploaded by The Audiopedia"
Web Scraping with Python Made Easy - Towards Data Science,https://towardsdatascience.com/web-scraping-with-python-made-easy-f069ffaf7754,"Jan 28, 2020 - Uploaded by Coding Fun"
Examples of Businesses Who Use Data Scraping | Octoparse,https://www.octoparse.com/blog/examples-of-who-use-data-scraping,"Apr 1, 2016 - Uploaded by Octoparse"
Web Scraping Examples: How are Businesses Using Web ...,https://www.parsehub.com/blog/web-scraping-examples/,"Oct 28, 2019 - Uploaded by ParseHub"
Data Insight: 54 Industries Using Web Scraping | Octoparse,https://www.octoparse.com/blog/what-is-web-scraping,"Aug 27, 2018 - Uploaded by Octoparse"
Intro to Web Scraping with Python and Beautiful Soup - YouTube,https://www.youtube.com/watch?v=XQgXKtPSzUI,"Jan 7, 2017 - Uploaded by Data Science Dojo"
Web Scraping Tutorial: Tracking Your Competitors with Price ...,https://medium.com/@realtoughcandy/greetings-data-scrapers-in-todays-tutorial-i-m-going-to-show-you-how-to-monitor-retail-prices-f2e42558f997,"Feb 25, 2019 - Uploaded by RealToughCandy"
Web Scraping & Data Extraction Services - Mozenda,https://www.mozenda.com/services/,"Mar 2, 2019"
Extract Data from any Website using Data Scraper - Easy Web ...,https://www.youtube.com/watch?v=B7yyemwCf7g,"Nov 11, 2017 - Uploaded by ITfriend"
Web scraping in Python (Part 1): Getting started - YouTube,https://www.youtube.com/watch?v=r_xb0vF1uMc,"Aug 11, 2017 - Uploaded by Data School"
Automate Web Data Extraction and Data Scraping ...,https://www.helpsystems.com/product-lines/automate/data-scraping-extraction,"Sep 6, 2015"
Web Scraping Tutorial - How to Seed your Database with Web ...,https://www.youtube.com/watch?v=_opDs6UPDyo,"Mar 10, 2017 - Uploaded by Fullstack Academy"
Web Scraper intro tutorial - YouTube,https://www.youtube.com/watch?v=n7fob_XVsbY,"Jun 25, 2019 - Uploaded by Web Scraper"
Intro To Web Scraping With Python - YouTube,https://www.youtube.com/watch?v=4UcqECQe5Kc,"Jul 29, 2018 - Uploaded by Traversy Media"
Data scraping from single pages | Octoparse,https://www.octoparse.com/tutorial/single-page-web-scraping-octoparse,"Jun 23, 2016 - Uploaded by Octoparse"
What is Data Scraping | Scraping Data From the Web ...,https://teamtreehouse.com/library/what-is-data-scraping,"Aug 23, 2018"
How to Scrape Websites at Large Scale (2020 Guide ...,https://www.octoparse.com/blog/scrape-websites-at-large-scale,"Feb 3, 2020 - Uploaded by Octoparse"
15 Most Frequently Asked Questions about Web Scraping (Q&A),https://www.octoparse.com/blog/15-most-frequently-asked-questions-of-web-scraping,"Feb 1, 2019 - Uploaded by Octoparse"
Scraping the web for price comparison data (Mozenda),https://medium.com/@realtoughcandy/scraping-the-web-for-price-comparison-data-mozenda-7beb15b97cd6,"Mar 22, 2019 - Uploaded by RealToughCandy"
QVC Can't Stop Web Scraping - Forbes,https://www.forbes.com/sites/ericgoldman/2015/03/24/qvc-cant-stop-web-scraping/,"Mar 24, 2015"
Top 20 Web Crawling Tools to Scrape the Websites Quickly ...,https://www.octoparse.com/blog/top-20-web-crawling-tools-for-extracting-web-data,"Aug 23, 2019 - Uploaded by Octoparse"
Fast Web Scraping With ReactPHP #1: Extracting Data From ...,https://www.youtube.com/watch?v=_XYVP5fdt_0,"Nov 19, 2018 - Uploaded by Sergey Zhuk"
Web Scraping Template Take Away! | Octoparse,https://www.octoparse.com/blog/big-announcement-web-scraping-template-take-away,"Jun 18, 2019 - Uploaded by Octoparse"
Tidy web scraping in R — Tutorial and resources - Towards ...,https://towardsdatascience.com/tidy-web-scraping-in-r-tutorial-and-resources-ac9f72b4fe47,"Aug 16, 2019 - Uploaded by Yrrah0015"
Data Scraping and Mining From Websites Free No Coding ...,https://www.youtube.com/watch?v=CKRjXZSgg-g,"Feb 21, 2017 - Uploaded by Just2 Techno"
Simple Data Scraping with a Windows VM (on Mac ... - Medium,https://medium.com/@realtoughcandy/simple-data-scraping-with-a-windows-vm-on-mac-mozenda-web-scraper-4933b56277f0,"Mar 23, 2019 - Uploaded by RealToughCandy"
Tools to scrape leads for Enterprise and B2B Outbound ...,https://medium.com/paua-insights/scrape-leads-for-enterprise-and-b2b-outbound-marketing-%EF%B8%8F-c30fd587d915,"Apr 20, 2018 - Uploaded by Data Miner"
Web scraping: Reliably and efficiently pull data from pages ...,https://www.youtube.com/watch?v=52wxGESwQSA,"Mar 9, 2012 - Uploaded by Next Day Video"
Web Scraping Software - UiPath,https://www.uipath.com/solutions/technology/web-scraping-software,"Jan 31, 2015 - Uploaded by UiPath"
Scraping the web for hiring trends (recruiting) - Medium,https://medium.com/@realtoughcandy/scraping-the-web-for-hiring-trends-recruiting-6a62a695b4d1,"May 2, 2019 - Uploaded by RealToughCandy"
Data scraping from URLs in web pages | Octoparse,https://www.octoparse.com/tutorial/urls-introduction,"Mar 9, 2016 - Uploaded by Octoparse"
Scraping Data from Website to Excel (Tutorial 2020) | Octoparse,https://www.octoparse.com/blog/scraping-data-from-website-to-excel,"Feb 1, 2020 - Uploaded by Octoparse"
Web Scraping With Python | Python Tutorial | Web ... - YouTube,https://www.youtube.com/watch?v=mKxFfjNyj3c,"Dec 12, 2017 - Uploaded by edureka!"
The Best Web Scraper Ever - Listly,https://www.listly.io/en,"Jun 16, 2019 - Uploaded by Listly Hello"
web scraping using python for beginners - YouTube,https://www.youtube.com/watch?v=0_VZ7NpVw1Y,"Feb 14, 2018 - Uploaded by Hitesh Choudhary"
Web Scraping Tool to Extract Data from Websites - Agenty,https://www.agenty.com/products/scraping-agent/,"Oct 30, 2019 - Uploaded by Agenty"
How Data Scraping is Revolutionizing Real Estate Industry ...,https://oxylabs.io/blog/data-scraping-for-real-estate,"Nov 6, 2019 - Uploaded by Oxylabs"
9 Popular Cloud-based Web Scraping Solutions - Geekflare,https://geekflare.com/web-scraping-tools/,"Feb 5, 2020 - Uploaded by Web Scraper"
Data scraping from details of Lists/tables in web pages ...,https://www.octoparse.com/tutorial/list-detail-page-introduction,"Mar 9, 2016 - Uploaded by Octoparse"
Linkedin Data Scraping | Extract Information from LinkedIn ...,https://www.youtube.com/watch?v=beLHp7QlJmQ,"Mar 20, 2019 - Uploaded by Video Editing & Video Marketing Services"
5 Reasons Why Web Scraping May Benefit Your Business ...,https://www.octoparse.com/blog/why-web-scraping-may-benefit-your-business,"Dec 17, 2019 - Uploaded by Octoparse"
Web Scraping | No coding. No custom scripts. No hardware ...,https://www.import.io/web-scraping/,"Jun 5, 2019 - Uploaded by import.io"
How to Generate Sales Leads Using Web Scraping | Octoparse,https://www.octoparse.com/blog/lead-generation-with-web-scraping,"Sep 27, 2019 - Uploaded by Octoparse"
Web Data Extraction Automation - UiPath,https://www.uipath.com/developers/video-tutorials/web-data-extraction-automation,"Oct 6, 2014 - Uploaded by UiPath"
Web Scraping | Scraping Youtube Videos - YouTube,https://www.youtube.com/watch?v=rY0ZC7OaCvs,"Jun 6, 2019 - Uploaded by Octoparse"
Beautiful Soup Tutorial - Web Scraping in Python - YouTube,https://www.youtube.com/watch?v=87Gx3U0BDlo,"Jan 4, 2019 - Uploaded by freeCodeCamp.org"
How to Scrape a Website that Requires Login | ParseHub,https://www.parsehub.com/blog/web-scrape-login/,"Jan 20, 2020 - Uploaded by ParseHub"
Web Scraping: How to Get Coronavirus Data (COVID-19 ...,https://www.octoparse.com/blog/get-real-time-coronavirus-data-sars-cov-2,"Feb 13, 2020 - Uploaded by Octoparse"
Price Scraping: How to Scrape Product Details from E ...,https://www.octoparse.com/blog/price-scraping-octoparse-free-web-scraping-software,"Feb 23, 2017 - Uploaded by Octoparse"
Scraping public data from a website probably isn't hacking ...,https://www.theverge.com/2019/9/10/20859399/linkedin-hiq-data-scraping-cfaa-lawsuit-ninth-circuit-ruling,"Sep 10, 2019 - Uploaded by The Verge"
Creating a horse racing Tableau dashboard from data scraping,https://www.import.io/post/data-scraping-horse-racing/,"Apr 13, 2018 - Uploaded by craigsdewar"
Web Scraper | Web Scraping using web scraper chrome ...,https://www.youtube.com/watch?v=ZdOrH50WqEo,"Nov 14, 2017 - Uploaded by Video Editing & Video Marketing Services"
Is Web Scraping Legal? | ParseHub,https://www.parsehub.com/blog/web-scraping-legal/,"Oct 7, 2019 - Uploaded by ParseHub"
How to do web scraping with python - Tyler Garrett - Medium,https://medium.com/@itylergarrett.tag/using-pip-to-install-requests-and-lxml-on-python-3-7-mac-os-e6c4d5e860f6,"Jul 4, 2018 - Uploaded by Automating OSINT"
Website Scraping Use Cases from the Fortune 500 – Mozenda,https://www.mozenda.com/website-scraping-use-cases-from-the-fortune-500/,"Apr 25, 2019 - Uploaded by MozendaSupport"
Data Extraction - Web Scraping Tool & Free Web Crawlers ...,https://www.octoparse.com/DataExtraction,"Nov 14, 2017 - Uploaded by Octoparse"
Sources of Data - Web Scraping Example 2 - YouTube,https://www.youtube.com/watch?v=woQ4y4jlRjk,"Aug 9, 2016 - Uploaded by Udacity"
Web Scraping for Lead Generation | Octoparse,https://www.octoparse.com/blog/web-scraping-for-lead-generation,"Aug 29, 2017 - Uploaded by Octoparse"
Web Scraping vs API - Web Data Extraction - Grepsr,https://www.grepsr.com/web-scraping-vs-api/,"Dec 12, 2013 - Uploaded by grepsr"
Data Crawler - Web Scraping Tool & Free Web Crawlers ...,https://www.octoparse.com/DataCrawler,"Nov 14, 2017 - Uploaded by Octoparse"
Stock Market Analysis using Web Scraping in 2020 | Octoparse,https://www.octoparse.com/blog/stock-market-analysis-using-web-scraping,"Sep 29, 2019 - Uploaded by Octoparse"
Data Scraping Services | F6S,https://www.f6s.com/datascrapingservices,"Jan 8, 2017"
Automated Data Scraping in Action | HelpSystems,https://www.helpsystems.com/blog/rpa-action-automated-data-scraping,"Jan 20, 2020"
ImportFromWeb | Easy Web Scraping - G Suite Marketplace,https://gsuite.google.com/marketplace/app/importfromweb_easy_web_scraping/278587576794,"Feb 5, 2020 - Uploaded by NoDataNoBusiness"
How Web Scraping for Content Curation Works | Octoparse,https://www.octoparse.com/blog/how-web-scraping-for-content-curation-works,"Aug 14, 2019 - Uploaded by Octoparse"
Web Scraping With Google Sheets | Hacker Noon,https://hackernoon.com/web-scraping-with-google-sheets-20d0dce323cc,"May 16, 2018 - Uploaded by Ben R"
"Web scraping in 2018 — forget HTML, use XHRs, metadata or ...",https://blog.apify.com/web-scraping-in-2018-forget-html-use-xhrs-metadata-or-javascript-variables-8167f252439c,"Feb 8, 2018 - Uploaded by Jakub Balada"
Web Scraper multiple record extraction tutorial - YouTube,https://www.youtube.com/watch?v=_CtbZub5ny0,"Jun 25, 2019 - Uploaded by Web Scraper"
HOW TO DO WEB SCRAPING USING PYTHON — URLLIB ...,https://medium.com/@mahmudahsan/how-to-do-web-scraping-using-python-urllib-beautifulsoup-logging-d0b70c8222ae,"Feb 25, 2018 - Uploaded by Mahmud Ahsan"
"Do web scraping, data extraction and data mining by ... - Fiverr",https://www.fiverr.com/scrapingexperts/do-web-scraping-data-extraction-and-data-mining,"Dec 2, 2018"
Free Web Scraping Tool | Octoparse 7.X - YouTube,https://www.youtube.com/watch?v=G2f4d9h-i18,"May 22, 2018 - Uploaded by Octoparse"
How to Scrape Data from a Website on to Excel | ParseHub,https://www.parsehub.com/blog/web-scraping-excel-sheet/,"Aug 19, 2019 - Uploaded by ParseHub"
Data Scraping 5X Faster With Job Sequencer & Request ...,https://www.mozenda.com/data-scraping-5x-faster/,"Oct 9, 2017 - Uploaded by MozendaSupport"
LinkedIn Scraper | LinkedIn Data Extractor Software Tool,https://scrapingexpert.com/linkedin-scraper/,"Aug 8, 2014"
Web Scraping API for Data Extraction: A Beginner's Guide ...,https://www.octoparse.com/blog/web-scraping-api-for-data-extraction-a-beginners-guide,"Jan 20, 2020 - Uploaded by Octoparse"
Build your blog fast with Web Scraping | Octoparse,https://www.octoparse.com/blog/build-your-blog-fast-with-web-scraping,"Aug 10, 2017 - Uploaded by Octoparse"
Data Scraping - YouTube,https://www.youtube.com/watch?v=OWW1QZUFH8A,"Oct 9, 2018 - Uploaded by The American College of Trust and Estate Counsel"
6 Misunderstandings About Web Scraping - Scraping Authority,http://scrapingauthority.com/web-scraping-misunderstandings,"Nov 26, 2017 - Uploaded by Scraping Authority"
Web Scraping with Chrome Extensions - YouTube,https://www.youtube.com/watch?v=pvaAEYHf8QI,"Dec 17, 2017 - Uploaded by Awais Mirza"
ParseHub Tutorial: Scraping Product Details from Amazon ...,https://www.youtube.com/watch?v=HJI1qzn1Od4,"Feb 8, 2018 - Uploaded by ParseHub"
How to scrape Historical Twitter Data using Web Scraper and ...,https://www.scrapehero.com/how-to-scrape-historical-search-data-from-twitter/,"Oct 24, 2018 - Uploaded by ScrapeHero"
Web Scraper Pagination: How to Scrape Multiple Pages on a ...,https://www.parsehub.com/blog/scrape-multiple-pages/,"Dec 23, 2019 - Uploaded by ParseHub"
"Mozenda Web Scraping Software Trusted, Scalable and Fast",https://www.mozenda.com/web-scraping-software/,"Mar 2, 2013"
Web Scraping Python Tutorial - Web Scraping using Python ...,https://intellipaat.com/blog/tutorial/python-tutorial/python-web-scraping-tutorial/,"Dec 4, 2019 - Uploaded by Intellipaat"
Fast Web Scraping With ReactPHP · @zhukserega,http://sergeyzhuk.me/2018/02/12/fast-webscraping-with-reactphp/,"Feb 12, 2018 - Uploaded by Sergey Zhuk"
